Workbook

Sheet Dashboard
B2: DASHBOARD DE SEGUIMIENTO - PROYECTO CAPSTONE
B3: Ficha de Avance 04: Trazabilidad y Planificación de la Versión 1.0 | Docente Guía: Reginaldo Salinas
B5: META ESTIMADA V1.0 | E5: AVANCE REAL RECONOCIDO | H5: BRECHA DE AVANCE | K5: ESTADO DE VIABILIDAD
B6: 1 | E6: =Inventario!F15 -> 0.625 | H6: =B6-E6 -> 0.375 | K6: Viable con Ajustes
B10: Resumen por Estado de Cumplimiento
B11: Estado | C11: Criterio % | D11: N° Funcionalidades | E11: Peso Total (%) | F11: Avance Reconocido (%)
B12: Terminada y comprobada | C12: 1 | D12: =COUNTIF(Inventario!E5:E13, "Terminada y comprobada") -> 4 | E12: =SUMIF(Inventario!E5:E13, "Terminada y comprobada", Inventario!D5:D13) -> 0.45 | F12: =SUMIF(Inventario!E5:E13, "Terminada y comprobada", Inventario!F5:F13) -> 0.45
B13: Funciona parcialmente | C13: 0.5 | D13: =COUNTIF(Inventario!E5:E13, "Funciona parcialmente") -> 2 | E13: =SUMIF(Inventario!E5:E13, "Funciona parcialmente", Inventario!D5:D13) -> 0.25 | F13: =SUMIF(Inventario!E5:E13, "Funciona parcialmente", Inventario!F5:F13) -> 0.125
B14: Iniciada no funcional | C14: 0.25 | D14: =COUNTIF(Inventario!E5:E13, "Iniciada no funcional") -> 2 | E14: =SUMIF(Inventario!E5:E13, "Iniciada no funcional", Inventario!D5:D13) -> 0.2 | F14: =SUMIF(Inventario!E5:E13, "Iniciada no funcional", Inventario!F5:F13) -> 0.05
B15: No iniciada | C15: 0 | D15: =COUNTIF(Inventario!E5:E13, "No iniciada") -> 1 | E15: =SUMIF(Inventario!E5:E13, "No iniciada", Inventario!D5:D13) -> 0.1 | F15: =SUMIF(Inventario!E5:E13, "No iniciada", Inventario!F5:F13) -> 0
B16: TOTAL | C16: - | D16: =SUM(D12:D15) -> 9 | E16: =SUM(E12:E15) -> 1 | F16: =SUM(F12:F15) -> 0.625

Sheet Inventario
B2: INVENTARIO Y TRAZABILIDAD DE FUNCIONALIDADES (VERSIÓN 1.0)
B4: Módulo / Funcionalidad | C4: Origen / Requisito | D4: Peso (%) | E4: Estado de Cumplimiento | F4: Avance Reconocido (%) | G4: Evidencia Verificable
B5: Autenticación y Gestión de Usuarios (OAuth / Rol) | C5: REQ-01 | D5: 0.1 | E5: Terminada y comprobada | F5: =D5*IF(E5="Terminada y comprobada",1,IF(E5="Funciona parcialmente",0.5,IF(E5="Iniciada no funcional",0.25,0))) -> 0.1 | G5: Módulo de Login implementado y testeado con JWT y Google Auth
B6: Dashboard General de Indicadores y Métricas | C6: REQ-02 | D6: 0.15 | E6: Terminada y comprobada | F6: =D6*IF(E6="Terminada y comprobada",1,IF(E6="Funciona parcialmente",0.5,IF(E6="Iniciada no funcional",0.25,0))) -> 0.15 | G6: Vista de métricas operativa con conexión a BD
B7: Módulo de Gestión de Pacientes / Registro | C7: REQ-03 | D7: 0.15 | E7: Terminada y comprobada | F7: =D7*IF(E7="Terminada y comprobada",1,IF(E7="Funciona parcialmente",0.5,IF(E7="Iniciada no funcional",0.25,0))) -> 0.15 | G7: CRUD completo de pacientes validado
B8: Módulo de Agendamiento de Citas Médicas | C8: REQ-04 | D8: 0.15 | E8: Funciona parcialmente | F8: =D8*IF(E8="Terminada y comprobada",1,IF(E8="Funciona parcialmente",0.5,IF(E8="Iniciada no funcional",0.25,0))) -> 0.075 | G8: Permite agendar pero sin notificación por email aún
B9: Integración con API Externa de Previsión / Salud | C9: REQ-05 | D9: 0.1 | E9: Funciona parcialmente | F9: =D9*IF(E9="Terminada y comprobada",1,IF(E9="Funciona parcialmente",0.5,IF(E9="Iniciada no funcional",0.25,0))) -> 0.05 | G9: Endpoints conectados, en pruebas de respuesta en mock
B10: Módulo de Facturación y Pagos Webpay | C10: REQ-06 | D10: 0.1 | E10: Iniciada no funcional | F10: =D10*IF(E10="Terminada y comprobada",1,IF(E10="Funciona parcialmente",0.5,IF(E10="Iniciada no funcional",0.25,0))) -> 0.025 | G10: Estructura de BD y vistas creadas sin pasarela activa
B11: Reportes Exportables en PDF y Excel | C11: REQ-07 | D11: 0.1 | E11: Iniciada no funcional | F11: =D11*IF(E11="Terminada y comprobada",1,IF(E11="Funciona parcialmente",0.5,IF(E11="Iniciada no funcional",0.25,0))) -> 0.025 | G11: Plantillas maquetadas en frontend
B12: Módulo de Notificaciones en Tiempo Real | C12: REQ-08 | D12: 0.1 | E12: No iniciada | F12: =D12*IF(E12="Terminada y comprobada",1,IF(E12="Funciona parcialmente",0.5,IF(E12="Iniciada no funcional",0.25,0))) -> 0 | G12: Pendiente de inicio
B13: Configuración de Parámetros del Sistema | C13: REQ-09 | D13: 0.05 | E13: Terminada y comprobada | F13: =D13*IF(E13="Terminada y comprobada",1,IF(E13="Funciona parcialmente",0.5,IF(E13="Iniciada no funcional",0.25,0))) -> 0.05 | G13: Panel de administración funcional
B15: TOTAL AVANCE RECONOCIDO V1.0 | C15: - | D15: =SUM(D5:D13) -> 1 | E15: - | F15: =SUM(F5:F13) -> 0.625

Sheet Planificación
B2: PLAN DE TRABAJO PARA LAS OCHO SEMANAS RESTANTES
B4: Semana | C4: Foco / Incremental | D4: Responsable | E4: Resultado Comprobable | F4: Avance Acumulado Esperado (%) | G4: Avance Acumulado Real (%)
B5: Semana 1 | C5: Completar módulo de agendamiento y notificaciones email | D5: Gabriel Rodríguez | E5: Agendamiento con envío de correo de confirmación | F5: 0.65 | G5: 0.625
B6: Semana 2 | C6: Desarrollo y pruebas de API Previsión de Salud | D6: María Jesús Ulloa | E6: Endpoints de previsión respondiendo datos reales | F6: 0.72 | G6: 0.7
B7: Semana 3 | C7: Integración pasarela de pagos Webpay (Pruebas) | D7: Gabriel Rodríguez | E7: Transacción de prueba completada con éxito en Transbank | F7: 0.8
B8: Semana 4 | C8: Desarrollo de módulos de reportes en PDF/Excel | D8: María Jesús Ulloa | E8: Generación de reportes funcionales con filtros | F8: 0.88
B9: Semana 5 | C9: Integración general del sistema y pruebas end-to-end | D9: Gabriel & María Jesús | E9: Flujo completo del sistema ejecutado sin caídas | F9: 0.93
B10: Semana 6 | C10: Pruebas funcionales y de usabilidad con usuarios | D10: María Jesús Ulloa | E10: Informe de pruebas e incidencias resueltas | F10: 0.96
B11: Semana 7 | C11: Corrección de errores, ajustes finos y preparación de demo | D11: Gabriel Rodríguez | E11: Versión Candidata (RC) estable | F11: 0.98
B12: Semana 8 | C12: Validación final, documentación y cierre Versión 1.0 | D12: Gabriel & María Jesús | E12: Versión 1.0 desplegada y validada por docente | F12: 1

Sheet Riesgos_Evaluación
B2: 1. BLOQUEOS, RIESGOS Y DECISIONES
B4: Bloqueo / Riesgo | C4: Impacto en v1.0 | D4: Decisión / Acción Mitigadora | E4: Responsable & Fecha
B5: Demora en credenciales de pruebas de pasarela Webpay | C5: Alto - Impide completar facturación | D5: Usar sandbox con llaves genéricas de Transbank mientras se tramitan oficiales | E5: Gabriel R. - Sem 2
B6: Complejidad en integración de API de Salud externa | C6: Medio - Retraso en módulo de previsión | D6: Implementar cliente Mock con respuestas JSON estáticas para no frenar QA | E6: María Jesús U. - Sem 2
B7: Disponibilidad limitada de tiempo para pruebas integrales | C7: Medio - Posibles bugs en versión 1.0 | D7: Automatizar pruebas unitarias clave y reservar Semanas 5 y 6 exclusivas | E7: Equipo - Sem 5
B10: 2. REVISIÓN DE VIABILIDAD
B12: Aspecto Evaluado | C12: Conclusión / Evidencia | D12: Evaluación de Viabilidad
B13: Alcance definido para la versión 1.0 | C13: El 62.5% ya está funcional o avanzado. El restante es abordable en 8 semanas. | D13: Viable
B14: Capacidad del equipo para ocho semanas | C14: Distribución de cargas equilibrada entre los 2 integrantes. | D14: Viable
B15: Dependencias técnicas o externas | C15: Riesgo en Webpay mitigar con Mock y llaves de prueba. | D15: Ajustar
B16: Tiempo reservado para pruebas y correcciones | C16: Semanas 5 a 7 están dedicadas a integración y pruebas. | D16: Suficiente
B17: Funcionalidades que deben postergarse | C17: Módulo de Notificaciones en Tiempo Real podría pasar a v1.1 si hay retrasos. | D17: Identificadas
B20: 3. COMPROMISOS PARA LA SIGUIENTE ITERACIÓN
B22: Incremento / Resultado Compromiso | C22: Responsable | D22: Fecha Compromiso | E22: Criterio de Aceptación
B23: Agendamiento completo con envío de correos de confirmación | C23: Gabriel Rodríguez | D23: Semana 1 - Viernes | E23: El cliente recibe el correo con la cita tras completar el agendamiento
B24: Conexión exitosa a API de Previsión en entorno de sandbox | C24: María Jesús Ulloa | D24: Semana 2 - Miércoles | E24: Respuesta exitosa de código HTTP 200 con datos de previsión
